"dataset_id","row_id","latitude","longitude","sp_code","scientific","common","tsn","count","series_id","obs_date","date_time","last_mod","provider","owner","oceano","depth","ds_type"
1726,"1726_37159",63.3855,-26.841,"Sperm Whale","Physeter macrocephalus","Sperm Whale",180488,1,"1726_0",2017-08-02,"2017-08-02 19:11:14","2020-09-02 05:57:13","Yves Fleuriot via Happywhale.com","tcheeseman","",,"ptphoto"
1726,"1726_37226",15.3,-61.4,"Sperm Whale","Physeter macrocephalus","Sperm Whale",180488,1,"1726_1828",2015-12-08,"2015-12-08 11:14:39","2020-09-02 05:57:13","Pernell Francis via Happywhale.com","tcheeseman","",,"ptphoto"
1726,"1726_37266",15.3,-61.4,"Sperm Whale","Physeter macrocephalus","Sperm Whale",180488,1,"1726_1828",2016-02-14,"2016-02-14 00:00:00","2020-09-02 05:57:13","Brian Burnett via Happywhale.com","tcheeseman","",,"ptphoto"
1726,"1726_37926",32.620833,-16.880833,"Sperm Whale","Physeter macrocephalus","Sperm Whale",180488,1,"1726_0",2018-06-23,"2018-06-23 11:24:33","2020-09-02 05:57:13","Kees de Jager via Happywhale.com","tcheeseman","",,"ptphoto"
1726,"1726_38107",38.5,-28.59,"Sperm Whale","Physeter macrocephalus","Sperm Whale",180488,1,"1726_0",2014-05-22,"2014-05-22 00:00:00","2020-09-02 05:57:13","Nacho Oria via Happywhale.com","tcheeseman","",,"ptphoto"
1726,"1726_38146",38.5,-28.59,"Sperm Whale","Physeter macrocephalus","Sperm Whale",180488,1,"1726_0",2013-09-01,"2013-09-01 00:00:00","2020-09-02 05:57:13","Nacho Oria via Happywhale.com","tcheeseman","",,"ptphoto"
1726,"1726_38835",38.5,-28.59,"Sperm Whale","Physeter macrocephalus","Sperm Whale",180488,1,"1726_0",2010-08-10,"2010-08-10 17:22:04","2020-09-02 05:57:13","Nacho Oria via Happywhale.com","tcheeseman","",,"ptphoto"
1726,"1726_38836",38.5,-28.59,"Sperm Whale","Physeter macrocephalus","Sperm Whale",180488,1,"1726_0",2013-01-24,"2013-01-24 00:00:00","2020-09-02 05:57:13","Nacho Oria via Happywhale.com","tcheeseman","",,"ptphoto"
1726,"1726_38837",38.5,-28.59,"Sperm Whale","Physeter macrocephalus","Sperm Whale",180488,1,"1726_0",2012-07-12,"2012-07-12 12:53:53","2020-09-02 05:57:13","Nacho Oria via Happywhale.com","tcheeseman","",,"ptphoto"
1726,"1726_38840",38.5,-28.59,"Sperm Whale","Physeter macrocephalus","Sperm Whale",180488,1,"1726_0",2013-01-31,"2013-01-31 00:00:00","2020-09-02 05:57:13","Nacho Oria via Happywhale.com","tcheeseman","",,"ptphoto"
1726,"1726_38841",38.5,-28.59,"Sperm Whale","Physeter macrocephalus","Sperm Whale",180488,1,"1726_0",2013-01-31,"2013-01-31 00:00:00","2020-09-02 05:57:13","Nacho Oria via Happywhale.com","tcheeseman","",,"ptphoto"
1726,"1726_38842",38.5,-28.59,"Sperm Whale","Physeter macrocephalus","Sperm Whale",180488,1,"1726_0",2013-07-05,"2013-07-05 11:28:31","2020-09-02 05:57:13","Nacho Oria via Happywhale.com","tcheeseman","",,"ptphoto"
1726,"1726_38843",38.5,-28.59,"Sperm Whale","Physeter macrocephalus","Sperm Whale",180488,1,"1726_0",2013-06-02,"2013-06-02 15:42:53","2020-09-02 05:57:13","Nacho Oria via Happywhale.com","tcheeseman","",,"ptphoto"
1726,"1726_38848",38.5,-28.59,"Sperm Whale","Physeter macrocephalus","Sperm Whale",180488,1,"1726_0",2013-07-17,"2013-07-17 15:32:36","2020-09-02 05:57:13","Nacho Oria via Happywhale.com","tcheeseman","",,"ptphoto"
1726,"1726_38850",38.5,-28.59,"Sperm Whale","Physeter macrocephalus","Sperm Whale",180488,1,"1726_0",2013-07-11,"2013-07-11 11:03:27","2020-09-02 05:57:13","Nacho Oria via Happywhale.com","tcheeseman","",,"ptphoto"
1726,"1726_38852",38.5,-28.59,"Sperm Whale","Physeter macrocephalus","Sperm Whale",180488,1,"1726_0",2014-05-31,"2014-05-31 00:00:00","2020-09-02 05:57:13","Nacho Oria via Happywhale.com","tcheeseman","",,"ptphoto"
1726,"1726_38853",38.5,-28.59,"Sperm Whale","Physeter macrocephalus","Sperm Whale",180488,1,"1726_0",2014-06-01,"2014-06-01 00:00:00","2020-09-02 05:57:13","Nacho Oria via Happywhale.com","tcheeseman","",,"ptphoto"
1726,"1726_38854",38.5,-28.59,"Sperm Whale","Physeter macrocephalus","Sperm Whale",180488,1,"1726_0",2014-06-19,"2014-06-19 00:00:00","2020-09-02 05:57:13","Nacho Oria via Happywhale.com","tcheeseman","",,"ptphoto"
1726,"1726_40359",38.165658,-26.037698,"Sperm Whale","Physeter macrocephalus","Sperm Whale",180488,1,"1726_0",2019-06-19,"2019-06-19 19:30:10","2020-09-02 05:57:13","Oliver Boisseau via Happywhale.com","tcheeseman","",,"ptphoto"
1726,"1726_40361",38.291619,-27.195,"Sperm Whale","Physeter macrocephalus","Sperm Whale",180488,1,"1726_0",2019-06-18,"2019-06-18 16:27:51","2020-09-02 05:57:13","Oliver Boisseau via Happywhale.com","tcheeseman","",,"ptphoto"
1726,"1726_40363",38.008222,-27.285993,"Sperm Whale","Physeter macrocephalus","Sperm Whale",180488,1,"1726_0",2019-06-29,"2019-06-29 18:30:48","2020-09-02 05:57:13","Oliver Boisseau via Happywhale.com","tcheeseman","",,"ptphoto"
1726,"1726_40364",38.286932,-26.532227,"Sperm Whale","Physeter macrocephalus","Sperm Whale",180488,1,"1726_0",2019-06-30,"2019-06-30 08:36:51","2020-09-02 05:57:13","Oliver Boisseau via Happywhale.com","tcheeseman","",,"ptphoto"
1726,"1726_40365",38.038543,-25.855242,"Sperm Whale","Physeter macrocephalus","Sperm Whale",180488,1,"1726_0",2019-07-01,"2019-07-01 13:54:13","2020-09-02 05:57:13","Oliver Boisseau via Happywhale.com","tcheeseman","",,"ptphoto"
1726,"1726_40757",38.48125,-28.719833,"Sperm Whale","Physeter macrocephalus","Sperm Whale",180488,1,"1726_0",2019-06-23,"2019-06-23 12:50:04","2020-09-02 05:57:13","ANNA SANCHEZ MORA via Happywhale.com","tcheeseman","",,"ptphoto"
1726,"1726_40758",38.477567,-28.7014,"Sperm Whale","Physeter macrocephalus","Sperm Whale",180488,1,"1726_0",2019-06-23,"2019-06-23 13:11:22","2020-09-02 05:57:13","ANNA SANCHEZ MORA via Happywhale.com","tcheeseman","",,"ptphoto"
1726,"1726_42576",64.906945,-24.1465,"Sperm Whale","Physeter macrocephalus","Sperm Whale",180488,1,"1726_0",2017-05-22,"2017-05-22 20:08:00","2020-09-02 05:57:13","Tobias Brehm via Happywhale.com","tcheeseman","",,"ptphoto"
1726,"1726_42961",15.3,-61.4,"Sperm Whale","Physeter macrocephalus","Sperm Whale",180488,1,"1726_1828",2016-01-05,"2016-01-05 02:40:00","2020-09-02 05:57:13","Patrick Dykstra via Happywhale.com","tcheeseman","",,"ptphoto"
1726,"1726_43481",44.4,-67.4,"Sperm Whale","Physeter macrocephalus","Sperm Whale",180488,1,"1726_7377",2015-09-18,"2015-09-18 14:46:00","2020-09-02 05:57:13","Barry Gutradt via Happywhale.com","tcheeseman","",,"ptphoto"
1726,"1726_44371",15.344766,-61.446171,"Sperm Whale","Physeter macrocephalus","Sperm Whale",180488,1,"1726_2121",2014-02-16,"2014-02-16 12:23:51","2020-09-02 05:57:13","Carol Irwin via Happywhale.com","tcheeseman","",,"ptphoto"
1726,"1726_44534",38.5,-28.59,"Sperm Whale","Physeter macrocephalus","Sperm Whale",180488,1,"1726_0",2012-07-16,"2012-07-16 18:12:11","2020-09-02 05:57:13","Nacho Oria via Happywhale.com","tcheeseman","",,"ptphoto"
1726,"1726_44535",38.5,-28.59,"Sperm Whale","Physeter macrocephalus","Sperm Whale",180488,1,"1726_0",2012-04-01,"2012-04-01 10:17:34","2020-09-02 05:57:13","Nacho Oria via Happywhale.com","tcheeseman","",,"ptphoto"
1726,"1726_44536",38.5,-28.59,"Sperm Whale","Physeter macrocephalus","Sperm Whale",180488,1,"1726_0",2012-07-30,"2012-07-30 17:11:56","2020-09-02 05:57:13","Nacho Oria via Happywhale.com","tcheeseman","",,"ptphoto"
1726,"1726_44538",38.5,-28.59,"Sperm Whale","Physeter macrocephalus","Sperm Whale",180488,1,"1726_0",2013-06-12,"2013-06-12 11:54:49","2020-09-02 05:57:13","Nacho Oria via Happywhale.com","tcheeseman","",,"ptphoto"
1726,"1726_44539",38.5,-28.59,"Sperm Whale","Physeter macrocephalus","Sperm Whale",180488,1,"1726_0",2013-06-01,"2013-06-01 10:45:39","2020-09-02 05:57:13","Nacho Oria via Happywhale.com","tcheeseman","",,"ptphoto"
1726,"1726_44540",38.5,-28.59,"Sperm Whale","Physeter macrocephalus","Sperm Whale",180488,1,"1726_0",2013-06-01,"2013-06-01 11:46:12","2020-09-02 05:57:13","Nacho Oria via Happywhale.com","tcheeseman","",,"ptphoto"
1726,"1726_44541",38.5,-28.59,"Sperm Whale","Physeter macrocephalus","Sperm Whale",180488,1,"1726_0",2013-06-22,"2013-06-22 10:34:32","2020-09-02 05:57:13","Nacho Oria via Happywhale.com","tcheeseman","",,"ptphoto"
1726,"1726_44550",38.5,-28.59,"Sperm Whale","Physeter macrocephalus","Sperm Whale",180488,1,"1726_0",2013-07-10,"2013-07-10 10:45:56","2020-09-02 05:57:13","Nacho Oria via Happywhale.com","tcheeseman","",,"ptphoto"
1726,"1726_44551",38.5,-28.59,"Sperm Whale","Physeter macrocephalus","Sperm Whale",180488,1,"1726_0",2014-05-31,"2014-05-31 00:00:00","2020-09-02 05:57:13","Nacho Oria via Happywhale.com","tcheeseman","",,"ptphoto"
1726,"1726_44552",38.5,-28.59,"Sperm Whale","Physeter macrocephalus","Sperm Whale",180488,1,"1726_0",2013-09-01,"2013-09-01 00:00:00","2020-09-02 05:57:13","Nacho Oria via Happywhale.com","tcheeseman","",,"ptphoto"
1726,"1726_44553",38.5,-28.59,"Sperm Whale","Physeter macrocephalus","Sperm Whale",180488,1,"1726_0",2014-06-19,"2014-06-19 00:00:00","2020-09-02 05:57:13","Nacho Oria via Happywhale.com","tcheeseman","",,"ptphoto"
1726,"1726_45823",38.637657,-28.601789,"Sperm Whale","Physeter macrocephalus","Sperm Whale",180488,1,"1726_0",2019-05-15,"2019-05-15 15:15:58","2020-09-02 05:57:13","Neal Maxwell via Happywhale.com","tcheeseman","",,"ptphoto"
1726,"1726_45993",38.616678,-29.117582,"Sperm Whale","Physeter macrocephalus","Sperm Whale",180488,1,"1726_0",2019-06-28,"2019-06-28 12:22:28","2020-09-02 05:57:13","Oliver Boisseau via Happywhale.com","tcheeseman","",,"ptphoto"
1726,"1726_45996",38.17147,-26.047555,"Sperm Whale","Physeter macrocephalus","Sperm Whale",180488,1,"1726_0",2019-06-19,"2019-06-19 19:18:21","2020-09-02 05:57:13","Oliver Boisseau via Happywhale.com","tcheeseman","",,"ptphoto"
1726,"1726_45997",38.169957,-26.045503,"Sperm Whale","Physeter macrocephalus","Sperm Whale",180488,1,"1726_0",2019-06-19,"2019-06-19 19:22:28","2020-09-02 05:57:13","Oliver Boisseau via Happywhale.com","tcheeseman","",,"ptphoto"
1726,"1726_45998",38.206372,-26.384795,"Sperm Whale","Physeter macrocephalus","Sperm Whale",180488,1,"1726_0",2019-06-19,"2019-06-19 08:27:49","2020-09-02 05:57:13","Oliver Boisseau via Happywhale.com","tcheeseman","",,"ptphoto"
1726,"1726_46000",38.038537,-25.855307,"Sperm Whale","Physeter macrocephalus","Sperm Whale",180488,1,"1726_0",2019-07-01,"2019-07-01 13:53:58","2020-09-02 05:57:13","Oliver Boisseau via Happywhale.com","tcheeseman","",,"ptphoto"
1726,"1726_46001",38.015843,-25.739515,"Sperm Whale","Physeter macrocephalus","Sperm Whale",180488,1,"1726_0",2019-07-01,"2019-07-01 16:49:13","2020-09-02 05:57:13","Oliver Boisseau via Happywhale.com","tcheeseman","",,"ptphoto"
1726,"1726_46427",38.488267,-28.734817,"Sperm Whale","Physeter macrocephalus","Sperm Whale",180488,1,"1726_0",2019-06-08,"2019-06-08 11:10:43","2020-09-02 05:57:13","ANNA SANCHEZ MORA via Happywhale.com","tcheeseman","",,"ptphoto"
1726,"1726_48295",64.927778,-24.144388,"Sperm Whale","Physeter macrocephalus","Sperm Whale",180488,1,"1726_0",2017-05-22,"2017-05-22 19:47:00","2020-09-02 05:57:13","Tobias Brehm via Happywhale.com","tcheeseman","",,"ptphoto"
1726,"1726_49102",19.622,-17.167,"Sperm Whale","Physeter macrocephalus","Sperm Whale",180488,1,"1726_0",2015-09-12,"2015-09-12 19:34:00","2020-09-02 05:57:13","Hans Verdaat via Happywhale.com","tcheeseman","",,"ptphoto"
1726,"1726_49168",44.4,-67.4,"Sperm Whale","Physeter macrocephalus","Sperm Whale",180488,1,"1726_0",2015-09-25,"2015-09-25 14:53:00","2020-09-02 05:57:13","Barry Gutradt via Happywhale.com","tcheeseman","",,"ptphoto"
1726,"1726_49539",38.5,-28.59,"Sperm Whale","Physeter macrocephalus","Sperm Whale",180488,1,"1726_0",2013-09-01,"2013-09-01 00:00:00","2020-09-02 05:57:13","Nacho Oria via Happywhale.com","tcheeseman","",,"ptphoto"
1726,"1726_50359",38.5,-28.59,"Sperm Whale","Physeter macrocephalus","Sperm Whale",180488,1,"1726_0",2012-07-14,"2012-07-14 12:21:52","2020-09-02 05:57:13","Nacho Oria via Happywhale.com","tcheeseman","",,"ptphoto"
1726,"1726_50360",38.5,-28.59,"Sperm Whale","Physeter macrocephalus","Sperm Whale",180488,1,"1726_0",2010-07-22,"2010-07-22 11:35:58","2020-09-02 05:57:13","Nacho Oria via Happywhale.com","tcheeseman","",,"ptphoto"
1726,"1726_50363",38.5,-28.59,"Sperm Whale","Physeter macrocephalus","Sperm Whale",180488,1,"1726_0",2013-06-22,"2013-06-22 10:17:19","2020-09-02 05:57:13","Nacho Oria via Happywhale.com","tcheeseman","",,"ptphoto"
1726,"1726_50364",38.5,-28.59,"Sperm Whale","Physeter macrocephalus","Sperm Whale",180488,1,"1726_0",2013-07-05,"2013-07-05 18:26:24","2020-09-02 05:57:13","Nacho Oria via Happywhale.com","tcheeseman","",,"ptphoto"
1726,"1726_50365",38.5,-28.59,"Sperm Whale","Physeter macrocephalus","Sperm Whale",180488,1,"1726_0",2013-01-31,"2013-01-31 00:00:00","2020-09-02 05:57:13","Nacho Oria via Happywhale.com","tcheeseman","",,"ptphoto"
1726,"1726_50370",38.5,-28.59,"Sperm Whale","Physeter macrocephalus","Sperm Whale",180488,1,"1726_0",2013-07-28,"2013-07-28 00:00:00","2020-09-02 05:57:13","Nacho Oria via Happywhale.com","tcheeseman","",,"ptphoto"
1726,"1726_50371",38.5,-28.59,"Sperm Whale","Physeter macrocephalus","Sperm Whale",180488,1,"1726_0",2013-08-13,"2013-08-13 00:00:00","2020-09-02 05:57:13","Nacho Oria via Happywhale.com","tcheeseman","",,"ptphoto"
1726,"1726_50372",38.5,-28.59,"Sperm Whale","Physeter macrocephalus","Sperm Whale",180488,1,"1726_0",2013-08-26,"2013-08-26 00:00:00","2020-09-02 05:57:13","Nacho Oria via Happywhale.com","tcheeseman","",,"ptphoto"
1726,"1726_50373",38.5,-28.59,"Sperm Whale","Physeter macrocephalus","Sperm Whale",180488,1,"1726_0",2014-06-01,"2014-06-01 00:00:00","2020-09-02 05:57:13","Nacho Oria via Happywhale.com","tcheeseman","",,"ptphoto"
1726,"1726_51714",38.215112,-26.304495,"Sperm Whale","Physeter macrocephalus","Sperm Whale",180488,1,"1726_0",2019-06-19,"2019-06-19 10:58:44","2020-09-02 05:57:13","Oliver Boisseau via Happywhale.com","tcheeseman","",,"ptphoto"
1726,"1726_51716",38.291619,-27.195,"Sperm Whale","Physeter macrocephalus","Sperm Whale",180488,1,"1726_0",2019-06-28,"2019-06-28 14:51:06","2020-09-02 05:57:13","Oliver Boisseau via Happywhale.com","tcheeseman","",,"ptphoto"
1726,"1726_52190",38.714233,-28.59535,"Sperm Whale","Physeter macrocephalus","Sperm Whale",180488,1,"1726_0",2019-07-04,"2019-07-04 16:15:57","2020-09-02 05:57:13","ANNA SANCHEZ MORA via Happywhale.com","tcheeseman","",,"ptphoto"
1726,"1726_53349",38.345893,-28.22644,"Sperm Whale","Physeter macrocephalus","Sperm Whale",180488,1,"1726_0",2018-05-10,"2018-05-10 06:16:52","2020-09-02 05:57:13","Sarah Kather via Happywhale.com","tcheeseman","",,"ptphoto"
1726,"1726_53372",15.280873,-61.533698,"Sperm Whale","Physeter macrocephalus","Sperm Whale",180488,1,"1726_0",2019-12-27,"2019-12-27 16:04:47","2020-09-02 05:57:13","Sabine+Ulf via Happywhale.com","tcheeseman","",,"ptphoto"
1726,"1726_53833",44.240632,-67.80665,"Sperm Whale","Physeter macrocephalus","Sperm Whale",180488,1,"1726_0",2015-09-26,"2015-09-26 13:45:00","2020-09-02 05:57:13","Matthew Messina via Happywhale.com","tcheeseman","",,"ptphoto"
1726,"1726_55944",38.5,-28.59,"Sperm Whale","Physeter macrocephalus","Sperm Whale",180488,1,"1726_0",2012-08-04,"2012-08-04 15:33:45","2020-09-02 05:57:13","Nacho Oria via Happywhale.com","tcheeseman","",,"ptphoto"
1726,"1726_55945",38.5,-28.59,"Sperm Whale","Physeter macrocephalus","Sperm Whale",180488,1,"1726_0",2010-07-17,"2010-07-17 15:45:10","2020-09-02 05:57:13","Nacho Oria via Happywhale.com","tcheeseman","",,"ptphoto"
1726,"1726_55946",38.5,-28.59,"Sperm Whale","Physeter macrocephalus","Sperm Whale",180488,1,"1726_0",2010-06-18,"2010-06-18 11:06:45","2020-09-02 05:57:13","Nacho Oria via Happywhale.com","tcheeseman","",,"ptphoto"
1726,"1726_55947",38.5,-28.59,"Sperm Whale","Physeter macrocephalus","Sperm Whale",180488,1,"1726_0",2012-07-30,"2012-07-30 16:03:03","2020-09-02 05:57:13","Nacho Oria via Happywhale.com","tcheeseman","",,"ptphoto"
1726,"1726_55948",38.5,-28.59,"Sperm Whale","Physeter macrocephalus","Sperm Whale",180488,1,"1726_0",2010-06-24,"2010-06-24 15:13:51","2020-09-02 05:57:13","Nacho Oria via Happywhale.com","tcheeseman","",,"ptphoto"
1726,"1726_55949",38.5,-28.59,"Sperm Whale","Physeter macrocephalus","Sperm Whale",180488,1,"1726_0",2010-07-13,"2010-07-13 16:04:08","2020-09-02 05:57:13","Nacho Oria via Happywhale.com","tcheeseman","",,"ptphoto"
1726,"1726_55950",38.5,-28.59,"Sperm Whale","Physeter macrocephalus","Sperm Whale",180488,1,"1726_0",2011-07-12,"2011-07-12 12:27:31","2020-09-02 05:57:13","Nacho Oria via Happywhale.com","tcheeseman","",,"ptphoto"
1726,"1726_55952",38.5,-28.59,"Sperm Whale","Physeter macrocephalus","Sperm Whale",180488,1,"1726_0",2013-06-02,"2013-06-02 15:42:57","2020-09-02 05:57:13","Nacho Oria via Happywhale.com","tcheeseman","",,"ptphoto"
1726,"1726_55953",38.5,-28.59,"Sperm Whale","Physeter macrocephalus","Sperm Whale",180488,1,"1726_0",2013-07-02,"2013-07-02 10:35:07","2020-09-02 05:57:13","Nacho Oria via Happywhale.com","tcheeseman","",,"ptphoto"
1726,"1726_55954",38.5,-28.59,"Sperm Whale","Physeter macrocephalus","Sperm Whale",180488,1,"1726_0",2013-01-31,"2013-01-31 00:00:00","2020-09-02 05:57:13","Nacho Oria via Happywhale.com","tcheeseman","",,"ptphoto"
1726,"1726_55955",38.5,-28.59,"Sperm Whale","Physeter macrocephalus","Sperm Whale",180488,1,"1726_0",2013-06-21,"2013-06-21 12:48:09","2020-09-02 05:57:13","Nacho Oria via Happywhale.com","tcheeseman","",,"ptphoto"
1726,"1726_55957",38.5,-28.59,"Sperm Whale","Physeter macrocephalus","Sperm Whale",180488,1,"1726_0",2014-06-03,"2014-06-03 00:00:00","2020-09-02 05:57:13","Nacho Oria via Happywhale.com","tcheeseman","",,"ptphoto"
1726,"1726_57334",37.952817,-25.658888,"Sperm Whale","Physeter macrocephalus","Sperm Whale",180488,1,"1726_0",2019-06-20,"2019-06-20 11:35:14","2020-09-02 05:57:13","Oliver Boisseau via Happywhale.com","tcheeseman","",,"ptphoto"
1726,"1726_57336",38.008173,-27.285852,"Sperm Whale","Physeter macrocephalus","Sperm Whale",180488,1,"1726_0",2019-06-29,"2019-06-29 18:30:52","2020-09-02 05:57:13","Oliver Boisseau via Happywhale.com","tcheeseman","",,"ptphoto"
1726,"1726_57337",38.024662,-27.323378,"Sperm Whale","Physeter macrocephalus","Sperm Whale",180488,1,"1726_0",2019-06-29,"2019-06-29 20:06:06","2020-09-02 05:57:13","Oliver Boisseau via Happywhale.com","tcheeseman","",,"ptphoto"
1726,"1726_57338",38.037933,-27.342087,"Sperm Whale","Physeter macrocephalus","Sperm Whale",180488,1,"1726_0",2019-06-29,"2019-06-29 20:37:28","2020-09-02 05:57:13","Oliver Boisseau via Happywhale.com","tcheeseman","",,"ptphoto"
1726,"1726_57339",38.633403,-29.1636,"Sperm Whale","Physeter macrocephalus","Sperm Whale",180488,1,"1726_0",2019-06-28,"2019-06-28 13:59:18","2020-09-02 05:57:13","Oliver Boisseau via Happywhale.com","tcheeseman","",,"ptphoto"
1726,"1726_57340",38.224725,-27.19268,"Sperm Whale","Physeter macrocephalus","Sperm Whale",180488,1,"1726_0",2019-06-29,"2019-06-29 07:42:49","2020-09-02 05:57:13","Oliver Boisseau via Happywhale.com","tcheeseman","",,"ptphoto"
1726,"1726_57817",38.67305,-28.608633,"Sperm Whale","Physeter macrocephalus","Sperm Whale",180488,1,"1726_0",2019-07-06,"2019-07-06 10:05:33","2020-09-02 05:57:13","ANNA SANCHEZ MORA via Happywhale.com","tcheeseman","",,"ptphoto"
1726,"1726_57819",38.596883,-28.4049,"Sperm Whale","Physeter macrocephalus","Sperm Whale",180488,1,"1726_0",2019-07-03,"2019-07-03 09:54:28","2020-09-02 05:57:13","ANNA SANCHEZ MORA via Happywhale.com","tcheeseman","",,"ptphoto"
1726,"1726_58955",38.379937,-28.156998,"Sperm Whale","Physeter macrocephalus","Sperm Whale",180488,1,"1726_0",2018-05-07,"2018-05-07 07:10:46","2020-09-02 05:57:13","Sarah Kather via Happywhale.com","tcheeseman","",,"ptphoto"
1726,"1726_58977",15.417939,-61.570902,"Sperm Whale","Physeter macrocephalus","Sperm Whale",180488,1,"1726_0",2019-12-27,"2019-12-27 16:49:46","2020-09-02 05:57:13","Sabine+Ulf via Happywhale.com","tcheeseman","",,"ptphoto"
1726,"1726_59903",15.34,-61.45,"Sperm Whale","Physeter macrocephalus","Sperm Whale",180488,1,"1726_1828",2015-03-02,"2015-03-02 06:37:38","2020-09-02 05:57:13","Scott Davis via Happywhale.com","tcheeseman","",,"ptphoto"
1726,"1726_60380",15.42,-61.51,"Sperm Whale","Physeter macrocephalus","Sperm Whale",180488,1,"1726_1828",2017-02-13,"2017-02-13 00:18:00","2020-09-02 05:57:13","Patrick Dykstra via Happywhale.com","tcheeseman","",,"ptphoto"
1726,"1726_60634",64.892312,-24.139709,"Sperm Whale","Physeter macrocephalus","Sperm Whale",180488,1,"1726_0",2019-04-26,"2019-04-26 15:00:00","2020-09-02 05:57:13","Ocean Missions via Happywhale.com","tcheeseman","",,"ptphoto"
1726,"1726_60943",38.5,-28.59,"Sperm Whale","Physeter macrocephalus","Sperm Whale",180488,1,"1726_0",2014-06-19,"2014-06-19 00:00:00","2020-09-02 05:57:13","Nacho Oria via Happywhale.com","tcheeseman","",,"ptphoto"
1726,"1726_61616",38.5,-28.59,"Sperm Whale","Physeter macrocephalus","Sperm Whale",180488,1,"1726_0",2010-09-10,"2010-09-10 11:06:06","2020-09-02 05:57:13","Nacho Oria via Happywhale.com","tcheeseman","",,"ptphoto"
1726,"1726_61617",38.5,-28.59,"Sperm Whale","Physeter macrocephalus","Sperm Whale",180488,1,"1726_0",2011-05-29,"2011-05-29 16:24:22","2020-09-02 05:57:13","Nacho Oria via Happywhale.com","tcheeseman","",,"ptphoto"
1726,"1726_61618",38.5,-28.59,"Sperm Whale","Physeter macrocephalus","Sperm Whale",180488,1,"1726_0",2012-07-27,"2012-07-27 00:00:00","2020-09-02 05:57:13","Nacho Oria via Happywhale.com","tcheeseman","",,"ptphoto"
1726,"1726_61625",38.5,-28.59,"Sperm Whale","Physeter macrocephalus","Sperm Whale",180488,1,"1726_0",2013-06-17,"2013-06-17 14:03:09","2020-09-02 05:57:13","Nacho Oria via Happywhale.com","tcheeseman","",,"ptphoto"
1726,"1726_61626",38.5,-28.59,"Sperm Whale","Physeter macrocephalus","Sperm Whale",180488,1,"1726_0",2013-01-31,"2013-01-31 00:00:00","2020-09-02 05:57:13","Nacho Oria via Happywhale.com","tcheeseman","",,"ptphoto"
1726,"1726_61627",38.5,-28.59,"Sperm Whale","Physeter macrocephalus","Sperm Whale",180488,1,"1726_0",2013-06-22,"2013-06-22 09:32:45","2020-09-02 05:57:13","Nacho Oria via Happywhale.com","tcheeseman","",,"ptphoto"
1726,"1726_84497",38.5,-28.59,"Sperm Whale","Physeter macrocephalus","Sperm Whale",180488,1,"1726_0",2011-05-04,"2011-05-04 10:08:25","2020-09-02 05:57:13","Nacho Oria via Happywhale.com","tcheeseman","",,"ptphoto"
1726,"1726_84498",38.5,-28.59,"Sperm Whale","Physeter macrocephalus","Sperm Whale",180488,1,"1726_0",2010-08-04,"2010-08-04 17:53:20","2020-09-02 05:57:13","Nacho Oria via Happywhale.com","tcheeseman","",,"ptphoto"
1726,"1726_84499",38.5,-28.59,"Sperm Whale","Physeter macrocephalus","Sperm Whale",180488,1,"1726_0",2010-09-03,"2010-09-03 10:00:38","2020-09-02 05:57:13","Nacho Oria via Happywhale.com","tcheeseman","",,"ptphoto"
1726,"1726_84500",38.5,-28.59,"Sperm Whale","Physeter macrocephalus","Sperm Whale",180488,1,"1726_0",2012-08-04,"2012-08-04 15:42:46","2020-09-02 05:57:13","Nacho Oria via Happywhale.com","tcheeseman","",,"ptphoto"
1726,"1726_84501",38.5,-28.59,"Sperm Whale","Physeter macrocephalus","Sperm Whale",180488,1,"1726_0",2012-09-13,"2012-09-13 00:00:00","2020-09-02 05:57:13","Nacho Oria via Happywhale.com","tcheeseman","",,"ptphoto"
1726,"1726_84505",38.5,-28.59,"Sperm Whale","Physeter macrocephalus","Sperm Whale",180488,1,"1726_0",2013-01-31,"2013-01-31 00:00:00","2020-09-02 05:57:13","Nacho Oria via Happywhale.com","tcheeseman","",,"ptphoto"
1726,"1726_84506",38.5,-28.59,"Sperm Whale","Physeter macrocephalus","Sperm Whale",180488,1,"1726_0",2013-07-05,"2013-07-05 12:09:03","2020-09-02 05:57:13","Nacho Oria via Happywhale.com","tcheeseman","",,"ptphoto"
1726,"1726_84507",38.5,-28.59,"Sperm Whale","Physeter macrocephalus","Sperm Whale",180488,1,"1726_0",2013-06-17,"2013-06-17 12:07:01","2020-09-02 05:57:13","Nacho Oria via Happywhale.com","tcheeseman","",,"ptphoto"
1726,"1726_84508",38.5,-28.59,"Sperm Whale","Physeter macrocephalus","Sperm Whale",180488,1,"1726_0",2013-07-05,"2013-07-05 09:45:16","2020-09-02 05:57:13","Nacho Oria via Happywhale.com","tcheeseman","",,"ptphoto"
1726,"1726_84509",38.5,-28.59,"Sperm Whale","Physeter macrocephalus","Sperm Whale",180488,1,"1726_0",2013-07-05,"2013-07-05 12:32:45","2020-09-02 05:57:13","Nacho Oria via Happywhale.com","tcheeseman","",,"ptphoto"
1726,"1726_84510",38.5,-28.59,"Sperm Whale","Physeter macrocephalus","Sperm Whale",180488,1,"1726_0",2013-06-07,"2013-06-07 16:30:26","2020-09-02 05:57:13","Nacho Oria via Happywhale.com","tcheeseman","",,"ptphoto"
1726,"1726_84513",38.5,-28.59,"Sperm Whale","Physeter macrocephalus","Sperm Whale",180488,1,"1726_0",2013-07-28,"2013-07-28 00:00:00","2020-09-02 05:57:13","Nacho Oria via Happywhale.com","tcheeseman","",,"ptphoto"
1726,"1726_84514",38.5,-28.59,"Sperm Whale","Physeter macrocephalus","Sperm Whale",180488,1,"1726_0",2013-07-10,"2013-07-10 11:01:32","2020-09-02 05:57:13","Nacho Oria via Happywhale.com","tcheeseman","",,"ptphoto"
1726,"1726_84515",38.5,-28.59,"Sperm Whale","Physeter macrocephalus","Sperm Whale",180488,1,"1726_0",2013-07-14,"2013-07-14 12:05:52","2020-09-02 05:57:13","Nacho Oria via Happywhale.com","tcheeseman","",,"ptphoto"
1726,"1726_84516",38.5,-28.59,"Sperm Whale","Physeter macrocephalus","Sperm Whale",180488,1,"1726_0",2013-07-14,"2013-07-14 12:05:59","2020-09-02 05:57:13","Nacho Oria via Happywhale.com","tcheeseman","",,"ptphoto"
1726,"1726_84517",38.5,-28.59,"Sperm Whale","Physeter macrocephalus","Sperm Whale",180488,1,"1726_0",2013-08-07,"2013-08-07 00:00:00","2020-09-02 05:57:13","Nacho Oria via Happywhale.com","tcheeseman","",,"ptphoto"
1726,"1726_84518",38.5,-28.59,"Sperm Whale","Physeter macrocephalus","Sperm Whale",180488,1,"1726_0",2014-06-03,"2014-06-03 00:00:00","2020-09-02 05:57:13","Nacho Oria via Happywhale.com","tcheeseman","",,"ptphoto"
1726,"1726_85746",38.645568,-28.582392,"Sperm Whale","Physeter macrocephalus","Sperm Whale",180488,1,"1726_0",2019-05-18,"2019-05-18 13:00:34","2020-09-02 05:57:13","Neal Maxwell via Happywhale.com","tcheeseman","",,"ptphoto"
1726,"1726_85936",38.58147,-28.961865,"Sperm Whale","Physeter macrocephalus","Sperm Whale",180488,1,"1726_0",2019-06-25,"2019-06-25 16:25:53","2020-09-02 05:57:13","Oliver Boisseau via Happywhale.com","tcheeseman","",,"ptphoto"
1726,"1726_85941",38.22251,-26.387258,"Sperm Whale","Physeter macrocephalus","Sperm Whale",180488,1,"1726_0",2019-06-19,"2019-06-19 08:52:20","2020-09-02 05:57:13","Oliver Boisseau via Happywhale.com","tcheeseman","",,"ptphoto"
1726,"1726_85942",38.666035,-29.07094,"Sperm Whale","Physeter macrocephalus","Sperm Whale",180488,1,"1726_0",2019-06-24,"2019-06-24 17:12:04","2020-09-02 05:57:13","Oliver Boisseau via Happywhale.com","tcheeseman","",,"ptphoto"
1726,"1726_86317",38.477883,-28.697833,"Sperm Whale","Physeter macrocephalus","Sperm Whale",180488,1,"1726_0",2019-06-09,"2019-06-09 11:05:36","2020-09-02 05:57:13","ANNA SANCHEZ MORA via Happywhale.com","tcheeseman","",,"ptphoto"
1726,"1726_86323",38.385777,-28.262878,"Sperm Whale","Physeter macrocephalus","Sperm Whale",180488,1,"1726_0",2018-04-29,"2018-04-29 06:44:36","2020-09-02 05:57:13","Sarah Kather via Happywhale.com","tcheeseman","",,"ptphoto"
1726,"1726_89152",15.3,-61.4,"Sperm Whale","Physeter macrocephalus","Sperm Whale",180488,1,"1726_1828",2018-02-08,"2018-02-08 00:00:00","2020-09-02 05:57:13","Patrick Dykstra via Happywhale.com","tcheeseman","",,"ptphoto"
1726,"1726_89435",38.5,-28.59,"Sperm Whale","Physeter macrocephalus","Sperm Whale",180488,1,"1726_0",2013-08-07,"2013-08-07 00:00:00","2020-09-02 05:57:13","Nacho Oria via Happywhale.com","tcheeseman","",,"ptphoto"
1726,"1726_90212",38.5,-28.59,"Sperm Whale","Physeter macrocephalus","Sperm Whale",180488,1,"1726_0",2011-05-02,"2011-05-02 11:08:13","2020-09-02 05:57:13","Nacho Oria via Happywhale.com","tcheeseman","",,"ptphoto"
1726,"1726_90213",38.5,-28.59,"Sperm Whale","Physeter macrocephalus","Sperm Whale",180488,1,"1726_0",2010-06-11,"2010-06-11 10:46:22","2020-09-02 05:57:13","Nacho Oria via Happywhale.com","tcheeseman","",,"ptphoto"
1726,"1726_90215",38.5,-28.59,"Sperm Whale","Physeter macrocephalus","Sperm Whale",180488,1,"1726_0",2013-01-24,"2013-01-24 00:00:00","2020-09-02 05:57:13","Nacho Oria via Happywhale.com","tcheeseman","",,"ptphoto"
1726,"1726_90216",38.5,-28.59,"Sperm Whale","Physeter macrocephalus","Sperm Whale",180488,1,"1726_0",2013-07-05,"2013-07-05 16:21:06","2020-09-02 05:57:13","Nacho Oria via Happywhale.com","tcheeseman","",,"ptphoto"
1726,"1726_90217",38.5,-28.59,"Sperm Whale","Physeter macrocephalus","Sperm Whale",180488,1,"1726_0",2013-01-26,"2013-01-26 00:00:00","2020-09-02 05:57:13","Nacho Oria via Happywhale.com","tcheeseman","",,"ptphoto"
1726,"1726_90218",38.5,-28.59,"Sperm Whale","Physeter macrocephalus","Sperm Whale",180488,1,"1726_0",2013-07-11,"2013-07-11 16:07:51","2020-09-02 05:57:13","Nacho Oria via Happywhale.com","tcheeseman","",,"ptphoto"
1726,"1726_90219",38.5,-28.59,"Sperm Whale","Physeter macrocephalus","Sperm Whale",180488,1,"1726_0",2013-07-23,"2013-07-23 12:19:09","2020-09-02 05:57:13","Nacho Oria via Happywhale.com","tcheeseman","",,"ptphoto"
1726,"1726_90220",38.5,-28.59,"Sperm Whale","Physeter macrocephalus","Sperm Whale",180488,1,"1726_0",2014-08-03,"2014-08-03 00:00:00","2020-09-02 05:57:13","Nacho Oria via Happywhale.com","tcheeseman","",,"ptphoto"
1726,"1726_376",38.382083,-28.432083,"Sperm Whale","Physeter macrocephalus","Sperm Whale",180488,1,"1726_0",2019-06-04,"2019-06-04 16:09:16","2020-09-02 05:57:13","ANNA SANCHEZ MORA via Happywhale.com","tcheeseman","",,"ptphoto"
1726,"1726_397",38.477567,-28.7014,"Sperm Whale","Physeter macrocephalus","Sperm Whale",180488,1,"1726_0",2019-06-23,"2019-06-23 13:11:28","2020-09-02 05:57:13","ANNA SANCHEZ MORA via Happywhale.com","tcheeseman","",,"ptphoto"
1726,"1726_1893",52.818895,4.654713,"Sperm Whale","Physeter macrocephalus","Sperm Whale",180488,1,"1726_0",2018-06-26,"2018-06-26 19:23:32","2020-09-02 05:57:13","SOS Dolfijn via Happywhale.com","tcheeseman","",,"ptphoto"
1726,"1726_3604",38.5,-28.59,"Sperm Whale","Physeter macrocephalus","Sperm Whale",180488,1,"1726_0",2013-08-26,"2013-08-26 00:00:00","2020-09-02 05:57:13","Nacho Oria via Happywhale.com","tcheeseman","",,"ptphoto"
1726,"1726_3638",38.5,-28.59,"Sperm Whale","Physeter macrocephalus","Sperm Whale",180488,1,"1726_0",2013-08-30,"2013-08-30 00:00:00","2020-09-02 05:57:13","Nacho Oria via Happywhale.com","tcheeseman","",,"ptphoto"
1726,"1726_3653",38.5,-28.59,"Sperm Whale","Physeter macrocephalus","Sperm Whale",180488,1,"1726_0",2014-06-03,"2014-06-03 00:00:00","2020-09-02 05:57:13","Nacho Oria via Happywhale.com","tcheeseman","",,"ptphoto"
1726,"1726_3941",60.702492,-42.55843,"Sperm Whale","Physeter macrocephalus","Sperm Whale",180488,1,"1726_0",2018-08-11,"2018-08-11 12:00:43","2020-09-02 05:57:13","Adrian Boyle via Happywhale.com","tcheeseman","",,"ptphoto"
1726,"1726_4392",38.5,-28.59,"Sperm Whale","Physeter macrocephalus","Sperm Whale",180488,1,"1726_0",2013-01-24,"2013-01-24 00:00:00","2020-09-02 05:57:13","Nacho Oria via Happywhale.com","tcheeseman","",,"ptphoto"
1726,"1726_4393",38.5,-28.59,"Sperm Whale","Physeter macrocephalus","Sperm Whale",180488,1,"1726_0",2012-07-30,"2012-07-30 15:46:37","2020-09-02 05:57:13","Nacho Oria via Happywhale.com","tcheeseman","",,"ptphoto"
1726,"1726_4394",38.5,-28.59,"Sperm Whale","Physeter macrocephalus","Sperm Whale",180488,1,"1726_0",2012-09-03,"2012-09-03 16:53:42","2020-09-02 05:57:13","Nacho Oria via Happywhale.com","tcheeseman","",,"ptphoto"
1726,"1726_4395",38.5,-28.59,"Sperm Whale","Physeter macrocephalus","Sperm Whale",180488,1,"1726_0",2012-07-12,"2012-07-12 18:37:34","2020-09-02 05:57:13","Nacho Oria via Happywhale.com","tcheeseman","",,"ptphoto"
1726,"1726_4396",38.5,-28.59,"Sperm Whale","Physeter macrocephalus","Sperm Whale",180488,1,"1726_0",2011-06-05,"2011-06-05 10:07:13","2020-09-02 05:57:13","Nacho Oria via Happywhale.com","tcheeseman","",,"ptphoto"
1726,"1726_4401",38.5,-28.59,"Sperm Whale","Physeter macrocephalus","Sperm Whale",180488,1,"1726_0",2013-07-08,"2013-07-08 10:37:32","2020-09-02 05:57:13","Nacho Oria via Happywhale.com","tcheeseman","",,"ptphoto"
1726,"1726_4402",38.5,-28.59,"Sperm Whale","Physeter macrocephalus","Sperm Whale",180488,1,"1726_0",2013-06-20,"2013-06-20 10:00:07","2020-09-02 05:57:13","Nacho Oria via Happywhale.com","tcheeseman","",,"ptphoto"
1726,"1726_4405",38.5,-28.59,"Sperm Whale","Physeter macrocephalus","Sperm Whale",180488,1,"1726_0",2013-07-14,"2013-07-14 12:06:08","2020-09-02 05:57:13","Nacho Oria via Happywhale.com","tcheeseman","",,"ptphoto"
1726,"1726_4406",38.5,-28.59,"Sperm Whale","Physeter macrocephalus","Sperm Whale",180488,1,"1726_0",2013-07-13,"2013-07-13 15:48:37","2020-09-02 05:57:13","Nacho Oria via Happywhale.com","tcheeseman","",,"ptphoto"
1726,"1726_4407",38.5,-28.59,"Sperm Whale","Physeter macrocephalus","Sperm Whale",180488,1,"1726_0",2013-08-08,"2013-08-08 00:00:00","2020-09-02 05:57:13","Nacho Oria via Happywhale.com","tcheeseman","",,"ptphoto"
1726,"1726_5339",64.98235,-23.872876,"Sperm Whale","Physeter macrocephalus","Sperm Whale",180488,1,"1726_0",2019-06-06,"2019-06-06 13:33:28","2020-09-02 05:57:13","Ian Parsons via Happywhale.com","tcheeseman","",,"ptphoto"
1726,"1726_6113",38.722522,-28.894732,"Sperm Whale","Physeter macrocephalus","Sperm Whale",180488,1,"1726_0",2019-06-25,"2019-06-25 09:00:52","2020-09-02 05:57:13","Oliver Boisseau via Happywhale.com","tcheeseman","",,"ptphoto"
1726,"1726_6115",38.620287,-29.122187,"Sperm Whale","Physeter macrocephalus","Sperm Whale",180488,1,"1726_0",2019-06-28,"2019-06-28 12:31:05","2020-09-02 05:57:13","Oliver Boisseau via Happywhale.com","tcheeseman","",,"ptphoto"
1726,"1726_6121",37.968777,-25.73816,"Sperm Whale","Physeter macrocephalus","Sperm Whale",180488,1,"1726_0",2019-06-20,"2019-06-20 09:01:16","2020-09-02 05:57:13","Oliver Boisseau via Happywhale.com","tcheeseman","",,"ptphoto"
1726,"1726_6526",38.48975,-28.686267,"Sperm Whale","Physeter macrocephalus","Sperm Whale",180488,1,"1726_0",2019-06-18,"2019-06-18 07:25:55","2020-09-02 05:57:13","ANNA SANCHEZ MORA via Happywhale.com","tcheeseman","",,"ptphoto"
1726,"1726_8141",37.729,-25.673,"Sperm Whale","Physeter macrocephalus","Sperm Whale",180488,1,"1726_13446",2016-04-17,"2016-04-17 03:25:14","2020-09-02 05:57:13","Mona Wong via Happywhale.com","tcheeseman","",,"ptphoto"
1726,"1726_10450",54.373159,-56.931152,"Sperm Whale","Physeter macrocephalus","Sperm Whale",180488,1,"1726_0",2004-07-15,"2004-07-15 16:05:57","2020-09-02 05:57:13","Bettina via Happywhale.com","tcheeseman","",,"ptphoto"
1726,"1726_10502",38.5,-28.59,"Sperm Whale","Physeter macrocephalus","Sperm Whale",180488,1,"1726_0",2013-08-13,"2013-08-13 00:00:00","2020-09-02 05:57:13","Nacho Oria via Happywhale.com","tcheeseman","",,"ptphoto"
1726,"1726_10505",38.5,-28.59,"Sperm Whale","Physeter macrocephalus","Sperm Whale",180488,1,"1726_0",2010-07-13,"2010-07-13 15:29:25","2020-09-02 05:57:13","Nacho Oria via Happywhale.com","tcheeseman","",,"ptphoto"
1726,"1726_10506",38.5,-28.59,"Sperm Whale","Physeter macrocephalus","Sperm Whale",180488,1,"1726_0",2011-05-04,"2011-05-04 09:56:02","2020-09-02 05:57:13","Nacho Oria via Happywhale.com","tcheeseman","",,"ptphoto"
1726,"1726_10507",38.5,-28.59,"Sperm Whale","Physeter macrocephalus","Sperm Whale",180488,1,"1726_0",2010-07-22,"2010-07-22 17:45:52","2020-09-02 05:57:13","Nacho Oria via Happywhale.com","tcheeseman","",,"ptphoto"
1726,"1726_10508",38.5,-28.59,"Sperm Whale","Physeter macrocephalus","Sperm Whale",180488,1,"1726_0",2012-09-15,"2012-09-15 11:34:11","2020-09-02 05:57:13","Nacho Oria via Happywhale.com","tcheeseman","",,"ptphoto"
1726,"1726_10509",38.5,-28.59,"Sperm Whale","Physeter macrocephalus","Sperm Whale",180488,1,"1726_0",2008-07-23,"2008-07-23 00:00:00","2020-09-02 05:57:13","Nacho Oria via Happywhale.com","tcheeseman","",,"ptphoto"
1726,"1726_10510",38.5,-28.59,"Sperm Whale","Physeter macrocephalus","Sperm Whale",180488,1,"1726_0",2012-08-04,"2012-08-04 16:01:25","2020-09-02 05:57:13","Nacho Oria via Happywhale.com","tcheeseman","",,"ptphoto"
1726,"1726_10514",38.5,-28.59,"Sperm Whale","Physeter macrocephalus","Sperm Whale",180488,1,"1726_0",2013-07-05,"2013-07-05 17:20:46","2020-09-02 05:57:13","Nacho Oria via Happywhale.com","tcheeseman","",,"ptphoto"
1726,"1726_10515",38.5,-28.59,"Sperm Whale","Physeter macrocephalus","Sperm Whale",180488,1,"1726_0",2013-07-08,"2013-07-08 10:46:11","2020-09-02 05:57:13","Nacho Oria via Happywhale.com","tcheeseman","",,"ptphoto"
1726,"1726_10516",38.5,-28.59,"Sperm Whale","Physeter macrocephalus","Sperm Whale",180488,1,"1726_0",2013-01-24,"2013-01-24 00:00:00","2020-09-02 05:57:13","Nacho Oria via Happywhale.com","tcheeseman","",,"ptphoto"
1726,"1726_10518",38.5,-28.59,"Sperm Whale","Physeter macrocephalus","Sperm Whale",180488,1,"1726_0",2013-07-28,"2013-07-28 00:00:00","2020-09-02 05:57:13","Nacho Oria via Happywhale.com","tcheeseman","",,"ptphoto"
1726,"1726_10520",38.5,-28.59,"Sperm Whale","Physeter macrocephalus","Sperm Whale",180488,1,"1726_0",2013-07-28,"2013-07-28 00:00:00","2020-09-02 05:57:13","Nacho Oria via Happywhale.com","tcheeseman","",,"ptphoto"
1726,"1726_10522",38.5,-28.59,"Sperm Whale","Physeter macrocephalus","Sperm Whale",180488,1,"1726_0",2013-08-24,"2013-08-24 00:00:00","2020-09-02 05:57:13","Nacho Oria via Happywhale.com","tcheeseman","",,"ptphoto"
1726,"1726_11703",38.628337,-28.631766,"Sperm Whale","Physeter macrocephalus","Sperm Whale",180488,1,"1726_0",2019-05-18,"2019-05-18 14:02:57","2020-09-02 05:57:13","Neal Maxwell via Happywhale.com","tcheeseman","",,"ptphoto"
1726,"1726_11841",38.214497,-26.350523,"Sperm Whale","Physeter macrocephalus","Sperm Whale",180488,1,"1726_0",2019-06-19,"2019-06-19 09:33:00","2020-09-02 05:57:13","Oliver Boisseau via Happywhale.com","tcheeseman","",,"ptphoto"
1726,"1726_11842",38.174033,-26.023852,"Sperm Whale","Physeter macrocephalus","Sperm Whale",180488,1,"1726_0",2019-06-19,"2019-06-19 19:55:45","2020-09-02 05:57:13","Oliver Boisseau via Happywhale.com","tcheeseman","",,"ptphoto"
1726,"1726_13478",15.413967,-61.476145,"Sperm Whale","Physeter macrocephalus","Sperm Whale",180488,1,"1726_0",2019-12-27,"2019-12-27 17:01:12","2020-09-02 05:57:13","Sabine+Ulf via Happywhale.com","tcheeseman","",,"ptphoto"
1726,"1726_14122",51.560165,3.481674,"Sperm Whale","Physeter macrocephalus","Sperm Whale",180488,1,"1726_0",2017-12-01,"2017-12-01 10:57:17","2020-09-02 05:57:13","Wim van Urk via Happywhale.com","tcheeseman","",,"ptphoto"
1726,"1726_14373",15.3,-61.4,"Sperm Whale","Physeter macrocephalus","Sperm Whale",180488,1,"1726_1828",2015-08-19,"2015-08-19 00:00:00","2020-09-02 05:57:13","Andrew Armour via Happywhale.com","tcheeseman","",,"ptphoto"
1726,"1726_15228",68.971987,-53.234047,"Sperm Whale","Physeter macrocephalus","Sperm Whale",180488,1,"1726_0",2012-06-19,"2012-06-19 18:44:54","2020-09-02 05:57:13","Nolwenn & Pauline via Happywhale.com","tcheeseman","",,"ptphoto"
1726,"1726_16061",38.5,-28.59,"Sperm Whale","Physeter macrocephalus","Sperm Whale",180488,1,"1726_0",2010-07-11,"2010-07-11 10:37:03","2020-09-02 05:57:13","Nacho Oria via Happywhale.com","tcheeseman","",,"ptphoto"
1726,"1726_16062",38.5,-28.59,"Sperm Whale","Physeter macrocephalus","Sperm Whale",180488,1,"1726_0",2010-08-10,"2010-08-10 17:22:06","2020-09-02 05:57:13","Nacho Oria via Happywhale.com","tcheeseman","",,"ptphoto"
1726,"1726_16068",38.5,-28.59,"Sperm Whale","Physeter macrocephalus","Sperm Whale",180488,1,"1726_0",2013-01-24,"2013-01-24 00:00:00","2020-09-02 05:57:13","Nacho Oria via Happywhale.com","tcheeseman","",,"ptphoto"
1726,"1726_16069",38.5,-28.59,"Sperm Whale","Physeter macrocephalus","Sperm Whale",180488,1,"1726_0",2013-07-01,"2013-07-01 10:42:41","2020-09-02 05:57:13","Nacho Oria via Happywhale.com","tcheeseman","",,"ptphoto"
1726,"1726_16070",38.5,-28.59,"Sperm Whale","Physeter macrocephalus","Sperm Whale",180488,1,"1726_0",2013-01-25,"2013-01-25 00:00:00","2020-09-02 05:57:13","Nacho Oria via Happywhale.com","tcheeseman","",,"ptphoto"
1726,"1726_16072",38.5,-28.59,"Sperm Whale","Physeter macrocephalus","Sperm Whale",180488,1,"1726_0",2013-07-28,"2013-07-28 00:00:00","2020-09-02 05:57:13","Nacho Oria via Happywhale.com","tcheeseman","",,"ptphoto"
1726,"1726_16073",38.5,-28.59,"Sperm Whale","Physeter macrocephalus","Sperm Whale",180488,1,"1726_0",2013-07-28,"2013-07-28 00:00:00","2020-09-02 05:57:13","Nacho Oria via Happywhale.com","tcheeseman","",,"ptphoto"
1726,"1726_16075",38.5,-28.59,"Sperm Whale","Physeter macrocephalus","Sperm Whale",180488,1,"1726_0",2013-08-19,"2013-08-19 00:00:00","2020-09-02 05:57:13","Nacho Oria via Happywhale.com","tcheeseman","",,"ptphoto"
1726,"1726_16108",68.624827,-53.910325,"Sperm Whale","Physeter macrocephalus","Sperm Whale",180488,1,"1726_0",2018-09-06,"2018-09-06 17:31:40","2020-09-02 05:57:13","Michael Jackson via Happywhale.com","tcheeseman","",,"ptphoto"
1726,"1726_16324",37.689407,-25.390606,"Sperm Whale","Physeter macrocephalus","Sperm Whale",180488,1,"1726_0",2017-07-10,"2017-07-10 15:30:00","2020-09-02 05:57:13","Jordan via Happywhale.com","tcheeseman","",,"ptphoto"
1726,"1726_17465",37.953235,-25.697758,"Sperm Whale","Physeter macrocephalus","Sperm Whale",180488,1,"1726_0",2019-06-20,"2019-06-20 10:36:23","2020-09-02 05:57:13","Oliver Boisseau via Happywhale.com","tcheeseman","",,"ptphoto"
1726,"1726_17466",37.958133,-25.68447,"Sperm Whale","Physeter macrocephalus","Sperm Whale",180488,1,"1726_0",2019-06-20,"2019-06-20 11:00:06","2020-09-02 05:57:13","Oliver Boisseau via Happywhale.com","tcheeseman","",,"ptphoto"
1726,"1726_17467",38.573697,-29.05185,"Sperm Whale","Physeter macrocephalus","Sperm Whale",180488,1,"1726_0",2019-06-23,"2019-06-23 08:31:28","2020-09-02 05:57:13","Oliver Boisseau via Happywhale.com","tcheeseman","",,"ptphoto"
1726,"1726_17468",38.597373,-29.164948,"Sperm Whale","Physeter macrocephalus","Sperm Whale",180488,1,"1726_0",2019-06-24,"2019-06-24 09:02:18","2020-09-02 05:57:13","Oliver Boisseau via Happywhale.com","tcheeseman","",,"ptphoto"
1726,"1726_17470",38.197803,-27.222735,"Sperm Whale","Physeter macrocephalus","Sperm Whale",180488,1,"1726_0",2019-06-29,"2019-06-29 09:18:38","2020-09-02 05:57:13","Oliver Boisseau via Happywhale.com","tcheeseman","",,"ptphoto"
1726,"1726_17471",38.642732,-29.137733,"Sperm Whale","Physeter macrocephalus","Sperm Whale",180488,1,"1726_0",2019-06-28,"2019-06-28 13:21:09","2020-09-02 05:57:13","Oliver Boisseau via Happywhale.com","tcheeseman","",,"ptphoto"
1726,"1726_17472",38.023322,-25.803023,"Sperm Whale","Physeter macrocephalus","Sperm Whale",180488,1,"1726_0",2019-07-01,"2019-07-01 15:13:09","2020-09-02 05:57:13","Oliver Boisseau via Happywhale.com","tcheeseman","",,"ptphoto"
1726,"1726_17876",38.48975,-28.686267,"Sperm Whale","Physeter macrocephalus","Sperm Whale",180488,1,"1726_0",2019-06-18,"2019-06-18 07:26:00","2020-09-02 05:57:13","ANNA SANCHEZ MORA via Happywhale.com","tcheeseman","",,"ptphoto"
1726,"1726_17895",38.714233,-28.59535,"Sperm Whale","Physeter macrocephalus","Sperm Whale",180488,1,"1726_0",2019-07-04,"2019-07-04 16:15:59","2020-09-02 05:57:13","ANNA SANCHEZ MORA via Happywhale.com","tcheeseman","",,"ptphoto"
1726,"1726_17897",38.68475,-28.601483,"Sperm Whale","Physeter macrocephalus","Sperm Whale",180488,1,"1726_0",2019-07-06,"2019-07-06 10:38:34","2020-09-02 05:57:13","ANNA SANCHEZ MORA via Happywhale.com","tcheeseman","",,"ptphoto"
1726,"1726_18064",38.371163,-28.27771,"Sperm Whale","Physeter macrocephalus","Sperm Whale",180488,1,"1726_0",2018-05-03,"2018-05-03 07:17:59","2020-09-02 05:57:13","Sarah Kather via Happywhale.com","tcheeseman","",,"ptphoto"
1726,"1726_18311",65.8025,-37.048782,"Sperm Whale","Physeter macrocephalus","Sperm Whale",180488,1,"1726_0",2019-08-01,"2019-08-01 10:17:56","2020-09-02 05:57:13","MTurcot via Happywhale.com","tcheeseman","",,"ptphoto"
1726,"1726_20835",73.924765,-56.948353,"Sperm Whale","Physeter macrocephalus","Sperm Whale",180488,1,"1726_0",2017-08-30,"2017-08-30 21:29:58","2020-09-02 05:57:13","Nolwenn & Pauline via Happywhale.com","tcheeseman","",,"ptphoto"
1726,"1726_20895",38.5,-28.59,"Sperm Whale","Physeter macrocephalus","Sperm Whale",180488,1,"1726_0",2013-08-13,"2013-08-13 00:00:00","2020-09-02 05:57:13","Nacho Oria via Happywhale.com","tcheeseman","",,"ptphoto"
1726,"1726_21692",38.5,-28.59,"Sperm Whale","Physeter macrocephalus","Sperm Whale",180488,1,"1726_0",2010-07-15,"2010-07-15 09:44:46","2020-09-02 05:57:13","Nacho Oria via Happywhale.com","tcheeseman","",,"ptphoto"
1726,"1726_21693",38.5,-28.59,"Sperm Whale","Physeter macrocephalus","Sperm Whale",180488,1,"1726_0",2013-01-24,"2013-01-24 00:00:00","2020-09-02 05:57:13","Nacho Oria via Happywhale.com","tcheeseman","",,"ptphoto"
1726,"1726_21696",38.5,-28.59,"Sperm Whale","Physeter macrocephalus","Sperm Whale",180488,1,"1726_0",2013-01-31,"2013-01-31 00:00:00","2020-09-02 05:57:13","Nacho Oria via Happywhale.com","tcheeseman","",,"ptphoto"
1726,"1726_21697",38.5,-28.59,"Sperm Whale","Physeter macrocephalus","Sperm Whale",180488,1,"1726_0",2013-01-31,"2013-01-31 00:00:00","2020-09-02 05:57:13","Nacho Oria via Happywhale.com","tcheeseman","",,"ptphoto"
1726,"1726_21698",38.5,-28.59,"Sperm Whale","Physeter macrocephalus","Sperm Whale",180488,1,"1726_0",2013-07-10,"2013-07-10 10:13:42","2020-09-02 05:57:13","Nacho Oria via Happywhale.com","tcheeseman","",,"ptphoto"
1726,"1726_21699",38.5,-28.59,"Sperm Whale","Physeter macrocephalus","Sperm Whale",180488,1,"1726_0",2013-07-17,"2013-07-17 16:05:58","2020-09-02 05:57:13","Nacho Oria via Happywhale.com","tcheeseman","",,"ptphoto"
1726,"1726_23135",38.037933,-27.342087,"Sperm Whale","Physeter macrocephalus","Sperm Whale",180488,1,"1726_0",2019-06-29,"2019-06-29 20:37:28","2020-09-02 05:57:13","Oliver Boisseau via Happywhale.com","tcheeseman","",,"ptphoto"
1726,"1726_23554",38.4375,-28.605517,"Sperm Whale","Physeter macrocephalus","Sperm Whale",180488,1,"1726_0",2019-07-02,"2019-07-02 10:02:57","2020-09-02 05:57:13","ANNA SANCHEZ MORA via Happywhale.com","tcheeseman","",,"ptphoto"
1726,"1726_25331",15.58252,-61.620668,"Sperm Whale","Physeter macrocephalus","Sperm Whale",180488,1,"1726_3339",2016-05-04,"2016-05-04 15:42:00","2020-09-02 05:57:13","Shane Gero via Happywhale.com","tcheeseman","",,"ptphoto"
1726,"1726_61628",38.5,-28.59,"Sperm Whale","Physeter macrocephalus","Sperm Whale",180488,1,"1726_0",2013-06-24,"2013-06-24 09:55:43","2020-09-02 05:57:13","Nacho Oria via Happywhale.com","tcheeseman","",,"ptphoto"
1726,"1726_61629",38.5,-28.59,"Sperm Whale","Physeter macrocephalus","Sperm Whale",180488,1,"1726_0",2013-07-11,"2013-07-11 10:15:35","2020-09-02 05:57:13","Nacho Oria via Happywhale.com","tcheeseman","",,"ptphoto"
1726,"1726_62858",38.637657,-28.609128,"Sperm Whale","Physeter macrocephalus","Sperm Whale",180488,1,"1726_0",2019-05-17,"2019-05-17 11:52:45","2020-09-02 05:57:13","Neal Maxwell via Happywhale.com","tcheeseman","",,"ptphoto"
1726,"1726_63027",38.563335,-29.00898,"Sperm Whale","Physeter macrocephalus","Sperm Whale",180488,1,"1726_0",2019-06-25,"2019-06-25 19:03:41","2020-09-02 05:57:13","Oliver Boisseau via Happywhale.com","tcheeseman","",,"ptphoto"
1726,"1726_63028",38.589582,-29.289137,"Sperm Whale","Physeter macrocephalus","Sperm Whale",180488,1,"1726_0",2019-06-24,"2019-06-24 12:04:50","2020-09-02 05:57:13","Oliver Boisseau via Happywhale.com","tcheeseman","",,"ptphoto"
1726,"1726_63029",38.253873,-26.501463,"Sperm Whale","Physeter macrocephalus","Sperm Whale",180488,1,"1726_0",2019-06-30,"2019-06-30 07:19:12","2020-09-02 05:57:13","Oliver Boisseau via Happywhale.com","tcheeseman","",,"ptphoto"
1726,"1726_63030",38.620462,-29.122258,"Sperm Whale","Physeter macrocephalus","Sperm Whale",180488,1,"1726_0",2019-06-28,"2019-06-28 12:31:19","2020-09-02 05:57:13","Oliver Boisseau via Happywhale.com","tcheeseman","",,"ptphoto"
1726,"1726_63031",38.224725,-27.19268,"Sperm Whale","Physeter macrocephalus","Sperm Whale",180488,1,"1726_0",2019-06-29,"2019-06-29 07:42:49","2020-09-02 05:57:13","Oliver Boisseau via Happywhale.com","tcheeseman","",,"ptphoto"
1726,"1726_63484",38.490817,-28.681417,"Sperm Whale","Physeter macrocephalus","Sperm Whale",180488,1,"1726_0",2019-06-18,"2019-06-18 09:59:34","2020-09-02 05:57:13","ANNA SANCHEZ MORA via Happywhale.com","tcheeseman","",,"ptphoto"
1726,"1726_63516",38.7114,-28.585867,"Sperm Whale","Physeter macrocephalus","Sperm Whale",180488,1,"1726_0",2019-07-04,"2019-07-04 16:05:16","2020-09-02 05:57:13","ANNA SANCHEZ MORA via Happywhale.com","tcheeseman","",,"ptphoto"
1726,"1726_63518",38.662633,-28.588483,"Sperm Whale","Physeter macrocephalus","Sperm Whale",180488,1,"1726_0",2019-07-06,"2019-07-06 09:46:43","2020-09-02 05:57:13","ANNA SANCHEZ MORA via Happywhale.com","tcheeseman","",,"ptphoto"
1726,"1726_63692",15.3,-61.4,"Sperm Whale","Physeter macrocephalus","Sperm Whale",180488,1,"1726_0",2016-11-14,"2016-11-14 15:38:49","2020-09-02 05:57:13","Steven Michael Dunn via Happywhale.com","tcheeseman","",,"ptphoto"
1726,"1726_64118",65.449133,-36.414185,"Sperm Whale","Physeter macrocephalus","Sperm Whale",180488,1,"1726_0",2016-08-04,"2016-08-04 12:00:43","2020-09-02 05:57:13","Jim Wilson via Happywhale.com","tcheeseman","",,"ptphoto"
1726,"1726_64649",38.376869,-28.171143,"Sperm Whale","Physeter macrocephalus","Sperm Whale",180488,1,"1726_0",2018-05-06,"2018-05-06 07:11:25","2020-09-02 05:57:13","Sarah Kather via Happywhale.com","tcheeseman","",,"ptphoto"
1726,"1726_64698",15.310016,-61.53039,"Sperm Whale","Physeter macrocephalus","Sperm Whale",180488,1,"1726_0",2019-12-27,"2019-12-27 16:33:18","2020-09-02 05:57:13","Sabine+Ulf via Happywhale.com","tcheeseman","",,"ptphoto"
1726,"1726_66520",38.5,-28.59,"Sperm Whale","Physeter macrocephalus","Sperm Whale",180488,1,"1726_0",2014-05-31,"2014-05-31 00:00:00","2020-09-02 05:57:13","Nacho Oria via Happywhale.com","tcheeseman","",,"ptphoto"
1726,"1726_67247",38.5,-28.59,"Sperm Whale","Physeter macrocephalus","Sperm Whale",180488,1,"1726_0",2010-07-22,"2010-07-22 10:18:15","2020-09-02 05:57:13","Nacho Oria via Happywhale.com","tcheeseman","",,"ptphoto"
1726,"1726_67248",38.5,-28.59,"Sperm Whale","Physeter macrocephalus","Sperm Whale",180488,1,"1726_0",2008-07-23,"2008-07-23 00:00:00","2020-09-02 05:57:13","Nacho Oria via Happywhale.com","tcheeseman","",,"ptphoto"
1726,"1726_67249",38.5,-28.59,"Sperm Whale","Physeter macrocephalus","Sperm Whale",180488,1,"1726_0",2008-07-23,"2008-07-23 12:19:44","2020-09-02 05:57:13","Nacho Oria via Happywhale.com","tcheeseman","",,"ptphoto"
1726,"1726_67258",38.5,-28.59,"Sperm Whale","Physeter macrocephalus","Sperm Whale",180488,1,"1726_0",2013-04-07,"2013-04-07 10:21:14","2020-09-02 05:57:13","Nacho Oria via Happywhale.com","tcheeseman","",,"ptphoto"
1726,"1726_67261",38.5,-28.59,"Sperm Whale","Physeter macrocephalus","Sperm Whale",180488,1,"1726_0",2013-07-14,"2013-07-14 12:06:31","2020-09-02 05:57:13","Nacho Oria via Happywhale.com","tcheeseman","",,"ptphoto"
1726,"1726_67262",38.5,-28.59,"Sperm Whale","Physeter macrocephalus","Sperm Whale",180488,1,"1726_0",2013-07-24,"2013-07-24 11:53:40","2020-09-02 05:57:13","Nacho Oria via Happywhale.com","tcheeseman","",,"ptphoto"
1726,"1726_67264",38.5,-28.59,"Sperm Whale","Physeter macrocephalus","Sperm Whale",180488,1,"1726_0",2014-06-19,"2014-06-19 00:00:00","2020-09-02 05:57:13","Nacho Oria via Happywhale.com","tcheeseman","",,"ptphoto"
1726,"1726_67265",38.5,-28.59,"Sperm Whale","Physeter macrocephalus","Sperm Whale",180488,1,"1726_0",2013-08-24,"2013-08-24 00:00:00","2020-09-02 05:57:13","Nacho Oria via Happywhale.com","tcheeseman","",,"ptphoto"
1726,"1726_68802",38.61178,-29.041127,"Sperm Whale","Physeter macrocephalus","Sperm Whale",180488,1,"1726_0",2019-06-26,"2019-06-26 11:42:58","2020-09-02 05:57:13","Oliver Boisseau via Happywhale.com","tcheeseman","",,"ptphoto"
1726,"1726_68805",38.614145,-29.091673,"Sperm Whale","Physeter macrocephalus","Sperm Whale",180488,1,"1726_0",2019-06-23,"2019-06-23 18:57:34","2020-09-02 05:57:13","Oliver Boisseau via Happywhale.com","tcheeseman","",,"ptphoto"
1726,"1726_68806",38.291619,-27.195,"Sperm Whale","Physeter macrocephalus","Sperm Whale",180488,1,"1726_0",2019-06-18,"2019-06-18 16:37:11","2020-09-02 05:57:13","Oliver Boisseau via Happywhale.com","tcheeseman","",,"ptphoto"
1726,"1726_68807",38.425972,-26.398355,"Sperm Whale","Physeter macrocephalus","Sperm Whale",180488,1,"1726_0",2019-06-30,"2019-06-30 13:45:15","2020-09-02 05:57:13","Oliver Boisseau via Happywhale.com","tcheeseman","",,"ptphoto"
1726,"1726_69193",38.398583,-28.415533,"Sperm Whale","Physeter macrocephalus","Sperm Whale",180488,1,"1726_0",2019-06-26,"2019-06-26 13:45:18","2020-09-02 05:57:13","ANNA SANCHEZ MORA via Happywhale.com","tcheeseman","",,"ptphoto"
1726,"1726_69194",38.439383,-28.629033,"Sperm Whale","Physeter macrocephalus","Sperm Whale",180488,1,"1726_0",2019-07-02,"2019-07-02 10:49:45","2020-09-02 05:57:13","ANNA SANCHEZ MORA via Happywhale.com","tcheeseman","",,"ptphoto"
1726,"1726_71230",38.624468,-27.266144,"Sperm Whale","Physeter macrocephalus","Sperm Whale",180488,1,"1726_0",2017-06-18,"2017-06-18 11:41:54","2020-09-02 05:57:13","Guilherme Rodrigues Estrela via Happywhale.com","tcheeseman","",,"ptphoto"
1726,"1726_72436",38.5,-28.59,"Sperm Whale","Physeter macrocephalus","Sperm Whale",180488,1,"1726_0",2013-08-15,"2013-08-15 00:00:00","2020-09-02 05:57:13","Nacho Oria via Happywhale.com","tcheeseman","",,"ptphoto"
1726,"1726_73172",38.5,-28.59,"Sperm Whale","Physeter macrocephalus","Sperm Whale",180488,1,"1726_0",2007-08-18,"2007-08-18 12:05:48","2020-09-02 05:57:13","Nacho Oria via Happywhale.com","tcheeseman","",,"ptphoto"
1726,"1726_73173",38.5,-28.59,"Sperm Whale","Physeter macrocephalus","Sperm Whale",180488,1,"1726_0",2010-07-16,"2010-07-16 17:15:11","2020-09-02 05:57:13","Nacho Oria via Happywhale.com","tcheeseman","",,"ptphoto"
1726,"1726_73174",38.5,-28.59,"Sperm Whale","Physeter macrocephalus","Sperm Whale",180488,1,"1726_0",2012-07-30,"2012-07-30 15:26:09","2020-09-02 05:57:13","Nacho Oria via Happywhale.com","tcheeseman","",,"ptphoto"
1726,"1726_73175",38.5,-28.59,"Sperm Whale","Physeter macrocephalus","Sperm Whale",180488,1,"1726_0",2010-07-22,"2010-07-22 10:18:16","2020-09-02 05:57:13","Nacho Oria via Happywhale.com","tcheeseman","",,"ptphoto"
1726,"1726_73176",38.5,-28.59,"Sperm Whale","Physeter macrocephalus","Sperm Whale",180488,1,"1726_0",2010-06-28,"2010-06-28 16:43:35","2020-09-02 05:57:13","Nacho Oria via Happywhale.com","tcheeseman","",,"ptphoto"
1726,"1726_73177",38.5,-28.59,"Sperm Whale","Physeter macrocephalus","Sperm Whale",180488,1,"1726_0",2010-07-30,"2010-07-30 15:40:13","2020-09-02 05:57:13","Nacho Oria via Happywhale.com","tcheeseman","",,"ptphoto"
1726,"1726_73178",38.5,-28.59,"Sperm Whale","Physeter macrocephalus","Sperm Whale",180488,1,"1726_0",2013-06-24,"2013-06-24 10:23:51","2020-09-02 05:57:13","Nacho Oria via Happywhale.com","tcheeseman","",,"ptphoto"
1726,"1726_73179",38.5,-28.59,"Sperm Whale","Physeter macrocephalus","Sperm Whale",180488,1,"1726_0",2013-06-22,"2013-06-22 15:44:13","2020-09-02 05:57:13","Nacho Oria via Happywhale.com","tcheeseman","",,"ptphoto"
1726,"1726_73180",38.5,-28.59,"Sperm Whale","Physeter macrocephalus","Sperm Whale",180488,1,"1726_0",2013-07-02,"2013-07-02 10:12:02","2020-09-02 05:57:13","Nacho Oria via Happywhale.com","tcheeseman","",,"ptphoto"
1726,"1726_73181",38.5,-28.59,"Sperm Whale","Physeter macrocephalus","Sperm Whale",180488,1,"1726_0",2013-04-07,"2013-04-07 16:36:18","2020-09-02 05:57:13","Nacho Oria via Happywhale.com","tcheeseman","",,"ptphoto"
1726,"1726_73182",38.5,-28.59,"Sperm Whale","Physeter macrocephalus","Sperm Whale",180488,1,"1726_0",2013-04-23,"2013-04-23 16:40:42","2020-09-02 05:57:13","Nacho Oria via Happywhale.com","tcheeseman","",,"ptphoto"
1726,"1726_73183",38.5,-28.59,"Sperm Whale","Physeter macrocephalus","Sperm Whale",180488,1,"1726_0",2013-01-24,"2013-01-24 00:00:00","2020-09-02 05:57:13","Nacho Oria via Happywhale.com","tcheeseman","",,"ptphoto"
1726,"1726_73185",38.5,-28.59,"Sperm Whale","Physeter macrocephalus","Sperm Whale",180488,1,"1726_0",2013-07-23,"2013-07-23 00:00:00","2020-09-02 05:57:13","Nacho Oria via Happywhale.com","tcheeseman","",,"ptphoto"
1726,"1726_73186",38.5,-28.59,"Sperm Whale","Physeter macrocephalus","Sperm Whale",180488,1,"1726_0",2013-08-06,"2013-08-06 00:00:00","2020-09-02 05:57:13","Nacho Oria via Happywhale.com","tcheeseman","",,"ptphoto"
1726,"1726_73217",68.624827,-53.910325,"Sperm Whale","Physeter macrocephalus","Sperm Whale",180488,1,"1726_0",2018-09-06,"2018-09-06 17:31:40","2020-09-02 05:57:13","Michael Jackson via Happywhale.com","tcheeseman","",,"ptphoto"
1726,"1726_74451",38.633701,-28.623526,"Sperm Whale","Physeter macrocephalus","Sperm Whale",180488,1,"1726_0",2019-05-20,"2019-05-20 13:18:16","2020-09-02 05:57:13","Neal Maxwell via Happywhale.com","tcheeseman","",,"ptphoto"
1726,"1726_74594",38.592458,-29.05269,"Sperm Whale","Physeter macrocephalus","Sperm Whale",180488,1,"1726_0",2019-06-23,"2019-06-23 17:46:58","2020-09-02 05:57:13","Oliver Boisseau via Happywhale.com","tcheeseman","",,"ptphoto"
1726,"1726_74595",38.215267,-26.365787,"Sperm Whale","Physeter macrocephalus","Sperm Whale",180488,1,"1726_0",2019-06-19,"2019-06-19 09:23:45","2020-09-02 05:57:13","Oliver Boisseau via Happywhale.com","tcheeseman","",,"ptphoto"
1726,"1726_74597",38.042535,-27.351545,"Sperm Whale","Physeter macrocephalus","Sperm Whale",180488,1,"1726_0",2019-06-29,"2019-06-29 20:52:02","2020-09-02 05:57:13","Oliver Boisseau via Happywhale.com","tcheeseman","",,"ptphoto"
1726,"1726_74598",38.038543,-25.855242,"Sperm Whale","Physeter macrocephalus","Sperm Whale",180488,1,"1726_0",2019-07-01,"2019-07-01 13:54:08","2020-09-02 05:57:13","Oliver Boisseau via Happywhale.com","tcheeseman","",,"ptphoto"
1726,"1726_74599",38.223203,-27.188115,"Sperm Whale","Physeter macrocephalus","Sperm Whale",180488,1,"1726_0",2019-06-29,"2019-06-29 07:52:19","2020-09-02 05:57:13","Oliver Boisseau via Happywhale.com","tcheeseman","",,"ptphoto"
1726,"1726_75730",38.364703,-28.088196,"Sperm Whale","Physeter macrocephalus","Sperm Whale",180488,1,"1726_0",2018-05-04,"2018-05-04 07:34:14","2020-09-02 05:57:13","Sarah Kather via Happywhale.com","tcheeseman","",,"ptphoto"
1726,"1726_76226",15.287662,-61.442113,"Sperm Whale","Physeter macrocephalus","Sperm Whale",180488,1,"1726_0",2019-12-27,"2019-12-27 15:53:19","2020-09-02 05:57:13","Sabine+Ulf via Happywhale.com","tcheeseman","",,"ptphoto"
1726,"1726_78946",38.5,-28.59,"Sperm Whale","Physeter macrocephalus","Sperm Whale",180488,1,"1726_0",2011-05-29,"2011-05-29 17:13:26","2020-09-02 05:57:13","Nacho Oria via Happywhale.com","tcheeseman","",,"ptphoto"
1726,"1726_78947",38.5,-28.59,"Sperm Whale","Physeter macrocephalus","Sperm Whale",180488,1,"1726_0",2010-06-16,"2010-06-16 09:39:21","2020-09-02 05:57:13","Nacho Oria via Happywhale.com","tcheeseman","",,"ptphoto"
1726,"1726_78948",38.5,-28.59,"Sperm Whale","Physeter macrocephalus","Sperm Whale",180488,1,"1726_0",2008-08-20,"2008-08-20 18:38:53","2020-09-02 05:57:13","Nacho Oria via Happywhale.com","tcheeseman","",,"ptphoto"
1726,"1726_78952",38.5,-28.59,"Sperm Whale","Physeter macrocephalus","Sperm Whale",180488,1,"1726_0",2013-06-01,"2013-06-01 10:45:37","2020-09-02 05:57:13","Nacho Oria via Happywhale.com","tcheeseman","",,"ptphoto"
1726,"1726_78953",38.5,-28.59,"Sperm Whale","Physeter macrocephalus","Sperm Whale",180488,1,"1726_0",2013-07-01,"2013-07-01 10:58:36","2020-09-02 05:57:13","Nacho Oria via Happywhale.com","tcheeseman","",,"ptphoto"
1726,"1726_78954",38.5,-28.59,"Sperm Whale","Physeter macrocephalus","Sperm Whale",180488,1,"1726_0",2013-01-26,"2013-01-26 00:00:00","2020-09-02 05:57:13","Nacho Oria via Happywhale.com","tcheeseman","",,"ptphoto"
1726,"1726_78955",38.5,-28.59,"Sperm Whale","Physeter macrocephalus","Sperm Whale",180488,1,"1726_0",2013-07-02,"2013-07-02 10:12:01","2020-09-02 05:57:13","Nacho Oria via Happywhale.com","tcheeseman","",,"ptphoto"
1726,"1726_78956",38.5,-28.59,"Sperm Whale","Physeter macrocephalus","Sperm Whale",180488,1,"1726_0",2013-07-01,"2013-07-01 11:39:28","2020-09-02 05:57:13","Nacho Oria via Happywhale.com","tcheeseman","",,"ptphoto"
1726,"1726_78957",38.5,-28.59,"Sperm Whale","Physeter macrocephalus","Sperm Whale",180488,1,"1726_0",2013-07-06,"2013-07-06 16:20:08","2020-09-02 05:57:13","Nacho Oria via Happywhale.com","tcheeseman","",,"ptphoto"
1726,"1726_78958",38.5,-28.59,"Sperm Whale","Physeter macrocephalus","Sperm Whale",180488,1,"1726_0",2013-01-31,"2013-01-31 00:00:00","2020-09-02 05:57:13","Nacho Oria via Happywhale.com","tcheeseman","",,"ptphoto"
1726,"1726_80251",38.639065,-28.622496,"Sperm Whale","Physeter macrocephalus","Sperm Whale",180488,1,"1726_0",2019-05-17,"2019-05-17 11:52:55","2020-09-02 05:57:13","Neal Maxwell via Happywhale.com","tcheeseman","",,"ptphoto"
1726,"1726_80252",38.632696,-28.597841,"Sperm Whale","Physeter macrocephalus","Sperm Whale",180488,1,"1726_0",2019-05-18,"2019-05-18 13:09:43","2020-09-02 05:57:13","Neal Maxwell via Happywhale.com","tcheeseman","",,"ptphoto"
1726,"1726_80399",38.729445,-28.932693,"Sperm Whale","Physeter macrocephalus","Sperm Whale",180488,1,"1726_0",2019-06-25,"2019-06-25 08:12:35","2020-09-02 05:57:13","Oliver Boisseau via Happywhale.com","tcheeseman","",,"ptphoto"
1726,"1726_80400",38.223292,-27.195327,"Sperm Whale","Physeter macrocephalus","Sperm Whale",180488,1,"1726_0",2019-06-29,"2019-06-29 08:01:53","2020-09-02 05:57:13","Oliver Boisseau via Happywhale.com","tcheeseman","",,"ptphoto"
1726,"1726_80401",38.19672,-27.231413,"Sperm Whale","Physeter macrocephalus","Sperm Whale",180488,1,"1726_0",2019-06-29,"2019-06-29 09:11:21","2020-09-02 05:57:13","Oliver Boisseau via Happywhale.com","tcheeseman","",,"ptphoto"
1726,"1726_83850",52.818895,4.654713,"Sperm Whale","Physeter macrocephalus","Sperm Whale",180488,1,"1726_0",2018-06-25,"2018-06-25 21:38:16","2020-09-02 05:57:13","SOS Dolfijn via Happywhale.com","tcheeseman","",,"ptphoto"
1726,"1726_25332",15.58252,-61.620668,"Sperm Whale","Physeter macrocephalus","Sperm Whale",180488,1,"1726_1828",2016-05-04,"2016-05-04 15:42:00","2020-09-02 05:57:13","Shane Gero via Happywhale.com","tcheeseman","",,"ptphoto"
1726,"1726_26227",44.4,-67.4,"Sperm Whale","Physeter macrocephalus","Sperm Whale",180488,1,"1726_7377",2014-09-05,"2014-09-05 14:41:00","2020-09-02 05:57:13","Barry Gutradt via Happywhale.com","tcheeseman","",,"ptphoto"
1726,"1726_27041",47.08974,-56.0269,"Sperm Whale","Physeter macrocephalus","Sperm Whale",180488,1,"1726_0",2013-05-20,"2013-05-20 16:22:59","2020-09-02 05:57:13","Roger ETCHEBERRY via Happywhale.com","tcheeseman","",,"ptphoto"
1726,"1726_27342",38.5,-28.59,"Sperm Whale","Physeter macrocephalus","Sperm Whale",180488,1,"1726_0",2010-07-26,"2010-07-26 16:28:20","2020-09-02 05:57:13","Nacho Oria via Happywhale.com","tcheeseman","",,"ptphoto"
1726,"1726_27343",38.5,-28.59,"Sperm Whale","Physeter macrocephalus","Sperm Whale",180488,1,"1726_0",2010-07-23,"2010-07-23 10:14:30","2020-09-02 05:57:13","Nacho Oria via Happywhale.com","tcheeseman","",,"ptphoto"
1726,"1726_27344",38.5,-28.59,"Sperm Whale","Physeter macrocephalus","Sperm Whale",180488,1,"1726_0",2011-04-27,"2011-04-27 10:42:42","2020-09-02 05:57:13","Nacho Oria via Happywhale.com","tcheeseman","",,"ptphoto"
1726,"1726_27345",38.5,-28.59,"Sperm Whale","Physeter macrocephalus","Sperm Whale",180488,1,"1726_0",2011-06-09,"2011-06-09 16:21:02","2020-09-02 05:57:13","Nacho Oria via Happywhale.com","tcheeseman","",,"ptphoto"
1726,"1726_27346",38.5,-28.59,"Sperm Whale","Physeter macrocephalus","Sperm Whale",180488,1,"1726_0",2012-09-03,"2012-09-03 16:07:11","2020-09-02 05:57:13","Nacho Oria via Happywhale.com","tcheeseman","",,"ptphoto"
1726,"1726_27350",38.5,-28.59,"Sperm Whale","Physeter macrocephalus","Sperm Whale",180488,1,"1726_0",2013-06-07,"2013-06-07 16:38:14","2020-09-02 05:57:13","Nacho Oria via Happywhale.com","tcheeseman","",,"ptphoto"
1726,"1726_27351",38.5,-28.59,"Sperm Whale","Physeter macrocephalus","Sperm Whale",180488,1,"1726_0",2013-06-22,"2013-06-22 15:53:43","2020-09-02 05:57:13","Nacho Oria via Happywhale.com","tcheeseman","",,"ptphoto"
1726,"1726_27352",38.5,-28.59,"Sperm Whale","Physeter macrocephalus","Sperm Whale",180488,1,"1726_0",2013-06-02,"2013-06-02 16:20:04","2020-09-02 05:57:13","Nacho Oria via Happywhale.com","tcheeseman","",,"ptphoto"
1726,"1726_27353",38.5,-28.59,"Sperm Whale","Physeter macrocephalus","Sperm Whale",180488,1,"1726_0",2013-07-05,"2013-07-05 10:38:46","2020-09-02 05:57:13","Nacho Oria via Happywhale.com","tcheeseman","",,"ptphoto"
1726,"1726_27354",38.5,-28.59,"Sperm Whale","Physeter macrocephalus","Sperm Whale",180488,1,"1726_0",2013-06-07,"2013-06-07 16:12:49","2020-09-02 05:57:13","Nacho Oria via Happywhale.com","tcheeseman","",,"ptphoto"
1726,"1726_27355",38.5,-28.59,"Sperm Whale","Physeter macrocephalus","Sperm Whale",180488,1,"1726_0",2013-07-11,"2013-07-11 11:10:04","2020-09-02 05:57:13","Nacho Oria via Happywhale.com","tcheeseman","",,"ptphoto"
1726,"1726_27356",38.5,-28.59,"Sperm Whale","Physeter macrocephalus","Sperm Whale",180488,1,"1726_0",2013-07-13,"2013-07-13 11:19:37","2020-09-02 05:57:13","Nacho Oria via Happywhale.com","tcheeseman","",,"ptphoto"
1726,"1726_27357",38.5,-28.59,"Sperm Whale","Physeter macrocephalus","Sperm Whale",180488,1,"1726_0",2013-08-06,"2013-08-06 00:00:00","2020-09-02 05:57:13","Nacho Oria via Happywhale.com","tcheeseman","",,"ptphoto"
1726,"1726_27358",38.5,-28.59,"Sperm Whale","Physeter macrocephalus","Sperm Whale",180488,1,"1726_0",2014-05-22,"2014-05-22 00:00:00","2020-09-02 05:57:13","Nacho Oria via Happywhale.com","tcheeseman","",,"ptphoto"
1726,"1726_27359",38.5,-28.59,"Sperm Whale","Physeter macrocephalus","Sperm Whale",180488,1,"1726_0",2014-06-16,"2014-06-16 00:00:00","2020-09-02 05:57:13","Nacho Oria via Happywhale.com","tcheeseman","",,"ptphoto"
1726,"1726_27360",37.706531,-25.599529,"Sperm Whale","Physeter macrocephalus","Sperm Whale",180488,1,"1726_0",2016-01-19,"2016-01-19 07:43:47","2020-09-02 05:57:13","Patrick Groot via Happywhale.com","tcheeseman","",,"ptphoto"
1726,"1726_29243",38.385217,-28.3607,"Sperm Whale","Physeter macrocephalus","Sperm Whale",180488,1,"1726_0",2019-06-13,"2019-06-13 11:02:10","2020-09-02 05:57:13","ANNA SANCHEZ MORA via Happywhale.com","tcheeseman","",,"ptphoto"
1726,"1726_30500",15.302068,-61.546183,"Sperm Whale","Physeter macrocephalus","Sperm Whale",180488,1,"1726_0",2019-12-27,"2019-12-27 16:16:39","2020-09-02 05:57:13","Sabine+Ulf via Happywhale.com","tcheeseman","",,"ptphoto"
1726,"1726_31235",38.624468,-27.266144,"Sperm Whale","Physeter macrocephalus","Sperm Whale",180488,1,"1726_0",2017-06-18,"2017-06-18 11:41:50","2020-09-02 05:57:13","Guilherme Rodrigues Estrela via Happywhale.com","tcheeseman","",,"ptphoto"
1726,"1726_31236",38.624468,-27.266144,"Sperm Whale","Physeter macrocephalus","Sperm Whale",180488,1,"1726_0",2017-06-18,"2017-06-18 11:41:53","2020-09-02 05:57:13","Guilherme Rodrigues Estrela via Happywhale.com","tcheeseman","",,"ptphoto"
1726,"1726_31497",15.24,-61.39,"Sperm Whale","Physeter macrocephalus","Sperm Whale",180488,1,"1726_1828",2016-01-31,"2016-01-31 16:42:34","2020-09-02 05:57:13","A&W Steffen via Happywhale.com","tcheeseman","",,"ptphoto"
1726,"1726_32095",15.3,-61.4,"Sperm Whale","Physeter macrocephalus","Sperm Whale",180488,1,"1726_1828",2018-02-05,"2018-02-05 00:00:00","2020-09-02 05:57:13","Patrick Dykstra via Happywhale.com","tcheeseman","",,"ptphoto"
1726,"1726_33166",38.384951,-28.295342,"Sperm Whale","Physeter macrocephalus","Sperm Whale",180488,1,"1726_0",2014-09-23,"2014-09-23 12:27:11","2020-09-02 05:57:13","Veronika Doppelreiter via Happywhale.com","tcheeseman","",,"ptphoto"
1726,"1726_33219",38.5,-28.59,"Sperm Whale","Physeter macrocephalus","Sperm Whale",180488,1,"1726_0",2012-08-04,"2012-08-04 17:23:41","2020-09-02 05:57:13","Nacho Oria via Happywhale.com","tcheeseman","",,"ptphoto"
1726,"1726_33220",38.5,-28.59,"Sperm Whale","Physeter macrocephalus","Sperm Whale",180488,1,"1726_0",2011-04-27,"2011-04-27 11:27:40","2020-09-02 05:57:13","Nacho Oria via Happywhale.com","tcheeseman","",,"ptphoto"
1726,"1726_33221",38.5,-28.59,"Sperm Whale","Physeter macrocephalus","Sperm Whale",180488,1,"1726_0",2010-07-17,"2010-07-17 15:45:06","2020-09-02 05:57:13","Nacho Oria via Happywhale.com","tcheeseman","",,"ptphoto"
1726,"1726_33222",38.5,-28.59,"Sperm Whale","Physeter macrocephalus","Sperm Whale",180488,1,"1726_0",2012-04-01,"2012-04-01 10:43:06","2020-09-02 05:57:13","Nacho Oria via Happywhale.com","tcheeseman","",,"ptphoto"
1726,"1726_33223",38.5,-28.59,"Sperm Whale","Physeter macrocephalus","Sperm Whale",180488,1,"1726_0",2012-04-18,"2012-04-18 10:19:29","2020-09-02 05:57:13","Nacho Oria via Happywhale.com","tcheeseman","",,"ptphoto"
1726,"1726_33226",38.5,-28.59,"Sperm Whale","Physeter macrocephalus","Sperm Whale",180488,1,"1726_0",2013-06-17,"2013-06-17 10:08:45","2020-09-02 05:57:13","Nacho Oria via Happywhale.com","tcheeseman","",,"ptphoto"
1726,"1726_33227",38.5,-28.59,"Sperm Whale","Physeter macrocephalus","Sperm Whale",180488,1,"1726_0",2013-01-31,"2013-01-31 00:00:00","2020-09-02 05:57:13","Nacho Oria via Happywhale.com","tcheeseman","",,"ptphoto"
1726,"1726_33228",38.5,-28.59,"Sperm Whale","Physeter macrocephalus","Sperm Whale",180488,1,"1726_0",2013-01-31,"2013-01-31 00:00:00","2020-09-02 05:57:13","Nacho Oria via Happywhale.com","tcheeseman","",,"ptphoto"
1726,"1726_33229",38.5,-28.59,"Sperm Whale","Physeter macrocephalus","Sperm Whale",180488,1,"1726_0",2013-06-22,"2013-06-22 11:05:02","2020-09-02 05:57:13","Nacho Oria via Happywhale.com","tcheeseman","",,"ptphoto"
1726,"1726_33230",38.5,-28.59,"Sperm Whale","Physeter macrocephalus","Sperm Whale",180488,1,"1726_0",2013-06-01,"2013-06-01 10:14:58","2020-09-02 05:57:13","Nacho Oria via Happywhale.com","tcheeseman","",,"ptphoto"
1726,"1726_33231",38.5,-28.59,"Sperm Whale","Physeter macrocephalus","Sperm Whale",180488,1,"1726_0",2013-06-28,"2013-06-28 09:45:12","2020-09-02 05:57:13","Nacho Oria via Happywhale.com","tcheeseman","",,"ptphoto"
1726,"1726_33232",38.5,-28.59,"Sperm Whale","Physeter macrocephalus","Sperm Whale",180488,1,"1726_0",2013-07-24,"2013-07-24 16:19:37","2020-09-02 05:57:13","Nacho Oria via Happywhale.com","tcheeseman","",,"ptphoto"
1726,"1726_33233",38.5,-28.59,"Sperm Whale","Physeter macrocephalus","Sperm Whale",180488,1,"1726_0",2013-07-11,"2013-07-11 10:40:47","2020-09-02 05:57:13","Nacho Oria via Happywhale.com","tcheeseman","",,"ptphoto"
1726,"1726_33235",38.5,-28.59,"Sperm Whale","Physeter macrocephalus","Sperm Whale",180488,1,"1726_0",2013-07-13,"2013-07-13 16:28:59","2020-09-02 05:57:13","Nacho Oria via Happywhale.com","tcheeseman","",,"ptphoto"
1726,"1726_33236",38.5,-28.59,"Sperm Whale","Physeter macrocephalus","Sperm Whale",180488,1,"1726_0",2013-07-24,"2013-07-24 18:48:37","2020-09-02 05:57:13","Nacho Oria via Happywhale.com","tcheeseman","",,"ptphoto"
1726,"1726_33238",38.5,-28.59,"Sperm Whale","Physeter macrocephalus","Sperm Whale",180488,1,"1726_0",2013-08-26,"2013-08-26 00:00:00","2020-09-02 05:57:13","Nacho Oria via Happywhale.com","tcheeseman","",,"ptphoto"
1726,"1726_33239",37.706531,-25.599529,"Sperm Whale","Physeter macrocephalus","Sperm Whale",180488,1,"1726_0",2018-10-16,"2018-10-16 17:00:14","2020-09-02 05:57:13","Patrick Groot via Happywhale.com","tcheeseman","",,"ptphoto"
1726,"1726_34448",38.624046,-28.630328,"Sperm Whale","Physeter macrocephalus","Sperm Whale",180488,1,"1726_0",2019-05-18,"2019-05-18 14:02:57","2020-09-02 05:57:13","Neal Maxwell via Happywhale.com","tcheeseman","",,"ptphoto"
1726,"1726_34620",38.215112,-26.304495,"Sperm Whale","Physeter macrocephalus","Sperm Whale",180488,1,"1726_0",2019-06-19,"2019-06-19 10:58:44","2020-09-02 05:57:13","Oliver Boisseau via Happywhale.com","tcheeseman","",,"ptphoto"
1726,"1726_34621",38.018365,-27.318147,"Sperm Whale","Physeter macrocephalus","Sperm Whale",180488,1,"1726_0",2019-06-29,"2019-06-29 19:59:44","2020-09-02 05:57:13","Oliver Boisseau via Happywhale.com","tcheeseman","",,"ptphoto"
1726,"1726_34622",38.033402,-27.33012,"Sperm Whale","Physeter macrocephalus","Sperm Whale",180488,1,"1726_0",2019-06-29,"2019-06-29 20:18:35","2020-09-02 05:57:13","Oliver Boisseau via Happywhale.com","tcheeseman","",,"ptphoto"
1726,"1726_35047",38.492883,-28.684583,"Sperm Whale","Physeter macrocephalus","Sperm Whale",180488,1,"1726_0",2019-06-18,"2019-06-18 07:45:23","2020-09-02 05:57:13","ANNA SANCHEZ MORA via Happywhale.com","tcheeseman","",,"ptphoto"
1726,"1726_35065",38.58865,-28.38215,"Sperm Whale","Physeter macrocephalus","Sperm Whale",180488,1,"1726_0",2019-07-03,"2019-07-03 18:04:06","2020-09-02 05:57:13","ANNA SANCHEZ MORA via Happywhale.com","tcheeseman","",,"ptphoto"
